"","name","body","year"
"1","Allan Riis","Fysioterapeut, cand.scient.san. og ph.d.Ph.d afhandling""Implementation of low back pain guidelines in general practice.""
Afsluttet i 2016.
Projektet omhandler implementering af retningslinjer i almen praksis.
UddannelsesinstitutionAalborg Universitet.
Nuværende arbejdspladsForskningsenheden for Almen Praksis i Aalborg.
Kontakt Allan Riis
Læs afhandlingen","2016"
"2","Anders Falk Brekke","Fysioterapeut, Cand.Scient.fys, Ph.d.
Ph.d.-afhandling""Non-surgical intervention and assessment of anterior pelvic tilt in patients with symptomatic acetabular retroversion.""
Afsluttet i december 2020.
UddannelsesinstitutionDen Ortopædkirurgisk Forskningsenhed, Klinisk Institut, Syddansk Universitet.
VejledereHovedvejleder: Professor, MSc., Ph.d. Anders Holsgaard LarsenDen Ortopædkirurgisk Forskningsenhed, Klinisk Institut, Syddansk Universitet.Medvejleder: Professor, dr.med. Ph.d. Søren Overgaard, Den Ortopædkirurgisk Forskningsenhed, Klinisk Institut, Syddansk Universitet.
Nuværende arbejdspladsProfessionshøjskolen Absalon.
Kontakt Anders Falk Brekke","2020"
"3","Anders Hansen","Fysioterapeut og ph.d.
Ph.d.-afhandlingInterdisciplinary rehabilitation of patients with primary glioma during anti-cancer treatment
Afsluttet i 2018.
UddannelsesinstitutionInstitut for Idræt og Biomekanik, Det Sundhedsfaglige Fakultet, Syddansk Universitet.
Nuværende arbejdspladsRehabiliteringsafdelingen, Odense Universitetshospital.
Kontakt Anders Hansen
Læs afhandlingen","2018"
"4","Anders Vinther","Forskningsfysioterapeut, Master i Fysioterapi og Med.dr.
Med.dr.-afhandling""Rib stress fractures in elite rowers"".
Afsluttet i 2009.Uddannelsesinstitution Medicinska Fakulteten, Lunds Universitet, Sverige.Nuværende arbejdspladsHerlev og Gentofte Hospital.
Kontakt Anders Vinther","2009"
"5","Andreas Serner","Fysioterapeut, Master of Medical Science: Sports Sciences/Sports Medicine og ph.d.
Ph.d.-afhandling""Diagnosis and treatment of acute groin injuries in athletes.""
Afsluttet april 2017.
UddannelsesinstitutionDet Sundhedsvidenskabelige Fakultet, Københavns Universitet.Department for Clinical Medicine. Graduate programme: Clinical Research.
VejledereHovedvejleder: Professor Per Hölmich, MD, DMsc.Medvejledere: Adam Weir, MBBS, Ph.D.Johannes Tol, MD, Ph.D.Kristian Thorborg, fysioterapeut, Ph.D.
Nuværende arbejdspladsKlinisk forskerAspetar Orthopaedic and Sports Medicine HospitalSports City StreetPO Box 29222Doha, Qatar
Kontakt Andreas Serner","2017"
"6","Anette Bentholm","Fysioterapeut, lektor og ph.d.
Afhandling""Inklusion af børn med autisme og ADHD i idrætsfællesskaberne i folkeskolen.""
Afsluttet i 2017.
UddannelsesinstitutionInstitut for Idræt og Ernæring, Københavns Universitet.
VejledereLektor Lone Friis Thing.
ArbejdspladsLektor på Fysioterapeutuddannelsen, University College Nordjylland.
Kontakt Anette Bentholm","2017"
"7","Ann Christine Bodilsen","Fysioterapeut, Cand.Scient.San. og ph.d.
Ph.d.-afhandling""Akut indlæggelse af den ældre medicinske patient: risikopatient-identifikation og beslutningsprocesser relateret til vurdering af genoptræningsbehov.""
Afsluttet i 2015.
UddannelsesinstitutionKøbenhavns Universitet.
Nuværende arbejdspladsFysioterapien Hvidovre Hospital afst 236 og Klinisk Forskningscenter afst 136.
Kontakt Ann Christine Bodilsen","2015"
"8","Annegrete Gohr Månsson","Fysioterapeut, Master i Idræt og Velfærd, ph.d.
Ph.d.-afhandling
""Opmærksomhed, ro og kropsforankret læring - et mixed methods-studie om betydningen af skydeidræt i skoletiden for børn med ADHD og ADHD-lignende symptomer.""
Afsluttet i 2020.
Uddannelsesinstitution
Institut for Psykologi, Syddansk Universitet.
Nuværende arbejdsplads
DGI Nordjylland + Institut for Psykologi, Syddansk Universitet.
Kontakt Annegrete Gohr Månsson","2020"
"9","Anne-Merete Kissow","Fysioterapeut, ph.d.Ph.d.-afhandling""Idrætsdeltager og aktiv medborger. En undersøgelse af sammenhængen mellem regelmæssig deltagelse i idræt / fysisk aktivitet og deltagelse i samfundets øvrige små og store fællesskaber hos mennesker med bevægelseshandicap.""
Afsluttet i 2013.UddannelsesinstitutionInstitut for Psykologi og Uddannelsesforskning, Roskilde Universitetscenter. Om ph.d.-projektetEn undersøgelse af sammenhængen mellem regelmæssig deltagelse i idræt / fysisk aktivitet og deltagelse i samfundets øvrige små og store fællesskaber hos mennesker med bevægelseshandicap.Phd-forløbet er finansieret af Handicapidrættens Videnscenter og Roskilde Universitet, hver med 50 %. Anne-Merete Kissow er tilknyttet Institut for Psykologi og Uddannelsesforskning under studieprogrammet 'Hverdagslivets Socialpsykologi' i perioden 1.9.2009 - 31.8.2012.  Kontakt Anne-Merete Kissow
Læs afhandlingen","2013"
"10","Anne Mette Falstie-Jensen","Fysioterapeut, Cand.scient.san. og ph.d.Ph.d.-afhandling""Hospital accreditation - What's in it for the patients?""
Afsluttet i 2016.UddannelsesinstitutionAarhus Universitet.VejledereHovedvejleder: Søren Paaske Johnsen.Medvejledere: Erik Hollnagel og Heidi Jeanet Larsson.Nuværende arbejdspladsKlinisk Epidemiologisk Afdeling, Aarhus Universitetshospital, Olof Palmes Alle 43-45, 8200 Aarhus N og med tilknytning til Center for Kvalitet, Region Syddanmark.
Kontakt Anne Mette Falstie-Jensen","2016"
"11","Anne-Mette Momsen","Fysioterapeut, Master of Public Health og ph.d.Ph.d.-afhandling""Therapies for improving walking distance in intermittent claudicatio"".
Afsluttet i 2009.UddannelsesinstitutionAarhus Universitet.Nuværende arbejdspladsDEFACTUM, Social, sundhed og arbejdsmarked.Om ph.d.-projektetProjektet er et multicenterstudie på regionshospitalerne Viborg, Herning, Holstebro og Skive. Design: randomiseret, dobbelt-blindet, placebokontrolleret overkrydsningsstudie samt 12 ugers follow-up.Fokus på gangtræning, fysisk formåen og livskvalitet. 80 deltagere hvoraf halvdelen revaskulariseres. Deltagerne screenes (og opereres) af karkirurger fra Viborg.Kontakt Anne-Mette Momsen
Læs afhandlingen","2009"
"12","Anne-Sofie Agergaard","Fysioterapeut, ph.d.
Ph.d.-afhandling""Load magnitude in exercise-based treatment of Patellar tendinopathy- Effect on clinical outcome, tendon structure and function.""
Afsluttet 2021.
HovedvejlederProfessor S. Peter Magnusson.Professor Michael Kjær.UddannelsesinstitutionKøbenhavns Universitet.
Nuværende arbejdspladsDepartment of Physical & Occupational Therapy/ Institute of Sports Medicine Copenhagen Bispebjerg Hospitals.
Kontakt Anne-Sofie Agergaard","2021"
"13","Annette Ingeman","Fysioterapeut, cand.scient.san. og ph.d.Ph.d.-afhandling""Medical Complications in patients with stroke: Data validity, processes of care, and clinical outcome"".
Afsluttet i 2010.Uddannelsesinstitution og arbejdspladsKlinisk Epidemiologisk Afdeling, Aarhus Universitetshospital, Ole Worms Alle 1150, 8000 Aarhus CKontakt Annette Ingeman
Læs afhandlingen","2010"
"14","Anne Mette Schmidt","Fysioterapeut, cand. scient.san og ph.d.
Ph.d.-afhandlingComparison of two multidisciplinary rehabilitation programmes in patients with chronic low back pain – A randomised controlled trial
Afsluttet i 2020.
UddannelsesinstitutionAarhus Universitet
Kontakt Anne Mette Schmidt
Læs afhandlingen","2020"
"15","Barbara Brocki","Fysioterapeut, ph.d.
Ph.d. afhandling""Physiotherapy interventions and outcomes following lung cancer surgery"".
Afsluttet i 2015.Uddannelsesinstitution Örebro University, School of health and medical sciences.Nuværende arbejdspladsAalborg Universitetshospital.Kontakt Barbara Brocki
Læs afhandlingen","2015"
"16","Bente Skovsby Toft","Ph.d., DipMedRes, MHH, B.Sc., fysioterapeutPh.d.-afhandlingBeing a large body in activity: experiences of lifestyle change over an 18 month period
Afsluttet i 2019.
VejledereLisbeth Uhrenfeldt, Professor, PhD, MScN, BA, RNFaculty of Nursing and Health Science, Nord University, Bodø, Norway.Claus Vinther Nielsen, Professor, PhD, MDDepartment of Public Health, Section for Clinical Social Medicine and Rehabilitation, Aarhus University, Denmark & DEFACTUM, Central Denmark Region, Aarhus, Denmark & Regional Hospital West Jutland, Herning, Denmark.UddannelsesinstitutionHealth, Aarhus UniversitetNuværende arbejdspladsRegionshospitalet Horsens, Livsstilscenter Brædstrup
Kontakt Bente Skovsby Toft
Læs afhandlingen","2019"
"17","Bettina Wulff Risør","Fysioterapeut, cand.scient.san. og ph.d.
Ph.d.-afhandling""Safe and Effective Handling of Medication in Future Hospitals"".
Afsluttet i 2017.
UddannelsesinstitutionCentre for Health Economic Research, COHERESyddansk Universitet.
VejlederProfessor Jan Sørensen, associate professor Marianne Lisby og ph.d. Lise Aagaard.
Nuværende arbejdspladsHospitalsapoteket, Region Midtjylland
Kontakt Bettina Wulff Risør","2017"
"18","Bibi V. Gram","Fysioterapeut Cand.scient. Lektor, Ph.d.Ph.d.-afhandling""Exercise training among construction workers at the work site -  A randomized controlled intervention study""
Afsluttet i 2012.UddannelsesinstitutionSyddansk UniversitetNuværende arbejdspladsSyddansk Universitet, Forskningscenter IRS-Center Sydvestjylland
Kontakt Bibi V. Gram
Læs afhandlingen","2012"
"19","Birgit Juul-Kristensen","Fysioterapeut, Seniorforsker og Med.dr.Ph.d.-afhandling""Observation methods and Imaging techniques. Assessments of physical exposure in repetitive work with focus on neck and upper extremities"".
Afsluttet i 2001.UddannelsesinstitutionMedicinska Fakulteten, Lunds Universitet, Sverige.Nuværende arbejdspladsAssociate Professor, Research Unit of Musculoskeletal Function and Physiotherapy, Institute of Sports Science and Clinical Biomechanics, University of Southern Denmark, Odense, Denmark.Professor, Institute of Occupational Therapy, Physiotherapy and Radiography, Department of Health Sciences, Bergen University College, Bergen, Norway.Kontakt Birgit Juul-Kristensen","2001"
"20","Birgit Larsen","Fysioterapeut, cand.scient. og ph.d.
Ph.d.-afhandling""Reflex Properties during Pedalling Exercises.""
Afsluttet i 2005.Uddannelsesinstitution Center for Sanse-Motorisk Interaktion, Aalborg Universitet.Nuværende arbejdspladsAdjunkt/Ph.d., Professionshøjskolen University College Nordjylland.
Kontakt Birgit Larsen","2005"
"21","Birgit Rasmussen","Fysioterapeut, ph.d. og klinisk specialist
Ph.d.-afhandling""Meaningful living through engaging in physical activities; Experiences of aged adults from two weeks to 18 months after a hip fracture""
Afsluttet i februar 2019.Uddannelsesinstitution Aarhus Universitet.
VejledereLisbeth Uhrenfeldt, Professor, Ph.d., MScn, BA, RNClaus Vinther Nielsen, Professor, Ph.d., MD
Nuværende arbejdsplads Fysio- og ergoterapien, Regionshospitalet Horsens
Kontakt Birgit Rasmussen","2019"
"22","Birgit Skoffer","Fysioterapeut, Master of Public Health og ph.d.Ph.d.-afhandling“Progressive resistance training before and after total knee arthroplasty. Associations between muscle strength and functional performance and efficacy of preoperative progressive resistance training”.
Afsluttet i 2015.UddannelsesinstitutionAarhus Universitet.Nuværende arbejdspladsFysioterapi- og ergoterapiafdelingen, Aarhus Universitetshospital.Kontakt Birgit Skoffer","2015"
"23","Birgit Steffensen","Fysioterapeut, seniorforsker og Med.dr.
Ph.d.-afhandling""Functional ability in non-ambulatory people with Duchenne muscular dystrophy or spinal muscular atrophy assessed with the EK scale.""
Afsluttet i 2002.Uddannelsesinstitution Karolinska Instituttet, Stockholm.Nuværende arbejdsplads RehabiliteringsCenter for Muskelsvind, Aarhus, Kongsvang allé 23, DK 8000 Aarhus C.
Kontakt Birgit Steffensen
Læs afhandlingen","2002"
"24","Birgitte Hougs Kjær","Fysioterapeut, cand.scient.fys. og ph.d.
Ph.d. afhandling""""Physiotherapy with progressive active exercise training after surgical rotator cuff repair - a randomized controlled trial with 3 and 12 months follow-up"".
Afsluttet i 2019.Uddannelsesinstitution Muskuloskeletal Funktion og Fysioterapi, Syddansk Universitet og Københavns Universitetshospital, Bispebjerg og Frederiksberg, 2019.Nuværende arbejdspladsFysio- og Ergoterapiafdelingen og Institut for Idrætsmedicin, Bispebjerg Hospital samt Institut for Idræt og Biomekanik på Syddansk Universitet.Kontakt Birgitte Hougs Kjær
Læs afhandlingen","2019"
"25","Birte Tornøe","PT MSc, exam.art. og ph.d.Ph.d.-afhandling""The Child with Tension-Type Headache: Physical factors and interactive interventions"".
Afsluttet i 2014.UddannelsesinstitutionMedicinsk fakultet, Lunds Universitet.VejledereRN prof. Inger Hallström, PT prof. Gunvor Gard, Lunds Universitet, og dr.med Liselotte Skov, Børneafdeling E, Herlev.Nuværende arbejdspladsErgo- og Fysioterapien, Børneafdeling E, Arkaden, Herlev Hospital.Kontakt Birte Tornøe
Læs afhandlingen","2014"
"26","Bjarne Rittig-Rasmussen","Fysioterapeut, MMedSci, ph.d i medicin og specialist i muskuloskeletal fysioterapi.
Ph.d.-afhandling”Experimental and clinical neck pain: Studies on training-induced neuroplasticity”.
Afsluttet i 2013.Uddannelsesinstitution Dansk Smerteforskningscenter, Aarhus Universitetshospital, Aarhus Sygehus.
Kontakt Bjarne Rittig-Rasmussen
Læs afhandlingen","2013"
"27","Brian Clausen","Fysioterapeut, Cand. Scient. San. og Ph.d.
Ph.d.-afhandling""Neuromuscular exercise as treatment for knee osteoarthritis in middle aged patients"".
Afsluttet i 2016.UddannelsesinstitutionForskningsenheden for Muskuloskeletal Funktion og Fysioterapi, Institut for Idræt og Biomekanik, Syddansk Universitet.VejledningHovedvejleder: Ewa M. Roos, Fysioterapeut, PhD, Professor og forskningsleder. Forskningsenheden for Muskuloskeletal Funktion og Fysioterapi, Institut for Idræt og Biomekanik, Syddansk Universitet.Medvejleder: Anders Holsgaard Larsen, Adjunkt, PhD. Klinisk Institut, OUH, Ganglaboratoriet. Syddansk UniversitetNuværende arbejdspladsSlagelse Sygehus.Kontakt Brian Clausen
Læs afhandlingen","2016"
"28","Camilla Marie Larsen","Fysioterapeut, cand.scient.san., ph.d., postdoc. ved Forskningsenheden for Muskuloskeletal Funktion og Fysioterapi (FOF), Institut for Idræt og Biomekanik og som videnskabelig medarbejder ved Center for Udvikling og Samarbejde i Sundhedspraksis, University College Lillebælt.
Ph.d.-afhandling""Neuromuscular function in patients with Subacromial Impingement Syndrome and clinical assessment of scapular kinematics"".
Afsluttet i 2013.
Uddannelsesinstitution Ph.d.-graden blev opnået i Forskningsenheden for Fysisk Aktivitet og Sundhed i Arbejdslivet, Institut for Idræt og Biomekanik, Syddansk Universitet.VejledereHovedvejleder: professor, cand. scient., ph.d. Karen Søgaard. Forskningsenheden for Fysisk Aktivitet og Sundhed i Arbejdslivet (FAS).
Medvejleder: lektor, fysioterapeut, ph.d. Birgit Juul-Kristensen, Forskningsenheden for Muskuloskeletal Funktion og Fysioterapi (FOF). Begge enheder er tilknyttet Institut for Idræt og Biomekanik, Syddansk Universitet.
Læs afhandlingen
Kontakt Camilla Marie Larsen","2013"
"29","Carsten Bogh Juhl","Fysioterapeut, Master of Public Health og ph.d.
Ph.d.-afhandling""Effect of exercise therapy on pain and disability in knee osteoarthritis: A systematic review and meta-analysis"".
Afsluttet i 2012.UddannelsesinstitutionSyddansk Universitet (SDU)
VejledereLektor Hans Lund (hovedvejleder), Forskningsinitiativet i Fysioterapi (FIF), Syddansk Universitet, SDU.Lektor Robin Christensen (bivejleder), Forskningsinitiativet i Fysioterapi (FIF), Syddansk Universitet, SDU og Parker instituttet, Frederiksberg Hospital.Professor Ewa Roos (bivejleder), Forskningsinitiativet i Fysioterapi (FIF), Syddansk Universitet, SDU.
Nuværende arbejdsplads Herlev og Gentofte Hospital og Syddansk Universitet.Kontakt Carsten Bogh Juhl
Læs summary","2012"
"30","Carsten Mølgaard","Forsknings- og idrætsfysioterapeut, cand.scient.san. og ph.d.Ph.d.-afhandling""Cartilage response to changes in mechanical loading in knee osteoarthritis patients"".
Afsluttet i 2015.Uddannelsesinstitution Center for Sanse-Motorisk Interaktion, Aalborg UniversitetNuværende arbejdspladsFysio- og ergoterapien Aalborg Sygehus
Kontakt Carsten Mølgaard","2015"
"31","Cecilie Bartholdy","PT, Msc, Ph.d.
Ph.d.-afhandling""Physical inactivity and current treatments of knee osteoarthritis""
Afsluttet i 2019
UddannelsesinstitutionKøbenhavns Universitet
VejlederePrimær vejleder: Professor Marius HenriksenPrimær medvejleder: Professor Henning BliddalMedvejleder: Henrik R. Gudbergsen, Ph.d.
Nuværende arbejdspladsParker Instituttet, Bispebjerg og Frederiksberg Hospital
Kontakt Cecilie Bartholdy","2019"
"32","Charlotte Diana Nørregaard Rasmussen","Fysioterapeut, cand.scient. og ph.d.
Ph.d.-afhandling""A multi-faceted workplace intervention for prevention of low back pain. Effectiveness of a stepped wedge cluster randomised controlled trial among nurses' aides"".
Afsluttet i 2015.UddannelsesinstitutionSyddansk Universitet, Institut for idræt og biomekanik.VejledereProfessor Karen Søgaard, Professor Andreas Holtermann og Seniorforsker Marie Birk Jørgensen.Nuværende arbejdspladsDet Nationale Forskningscenter for Arbejdsmiljø (NFA).Kontakt Charlotte Diana Nørregaard Rasmussen","2015"
"33","Charlotte Ibsen","Fysioterapeut, cand.scient.san. og ph.d.
Ph.d.-afhandling""Biopsykosocial og patientcenteret tilgang til udredning af patienter med lænderygsmerter - Udvikling, implementering, afprøvning og evaluering af redskab til udredning af lænderygsmerter.""
Afsluttet i 2020.
UddannelsesinstitutionAarhus Universitet.
VejledereHovedvejleder: Thomas Maribo.
Medvejledere: Berit Schiøttz-Christensen, Professor og ForskningslederClaus Vinther Nielsen, Mogens Hørder.
Nuværende arbejdspladsDEFACTUM, Koncern Kvalitet, Region Midtjylland.
Kontakt Charlotte Ibsen
Læs afhandlingen","2020"
"34","Christian Couppé","Fysioterapeut, M.Sc., og ph.d.
Ph.d.-afhandling""Human tendon response to loading and unloading"".
Afsluttet i 2010. Uddannelsesinstitution Institut for Idrætsmedicin, Bispebjerg Hospital, Københavns Universitet.ArbejdspladsInstitut for Idrætsmedicin, Bispebjerg Hospital, Københavns Universitet.
Kontakt Christian Couppé","2010"
"35","Christian Gunge Riberholt","Fysioterapeut, master i rehabilitering og ph.d.
Ph.d.-afhandling""Early Intensive Rehabilitation after Severe Traumatic Brain Injury.""
Afsluttet oktober 2020.
UddannelsesinstitutionKøbenhavns Universitet, Det Sundhedsvidenskabelige Fakultet.
ArbejdspladsKlinik for Højt Specialiseret Neurorehabilitering/Traumatisk Hjerneskade, Rigshospitalet.
Læs afhandlingen
Kontakt Christian Gunge Riberholt","2020"
"36","Christian Have Dall","Fysioterapeut, cand.scient.san. og ph.d.
Ph.d.-afhandling""Exercise Training in Stable Heart Transplant recipients - impact on oxygen uptake, blood pressure, chronotropic response and quality of life.""Afsluttet i 2015.
VejledereProfessor Henning LangbergProfessor Eva PrescottDr.med. Finn Gustafsson
UddannelsesinstitutionKøbenhavns Universitet i samarbejde med Institut for Idrætsmedicin og Kardiologisk afdeling, Bispebjerg Hospital.
ArbejdspladsKardiologisk afdeling, IOC Sports Institute og Musculoskeletal Rehabilitation Research Unit (MRRU), Bispebjerg og Frederiksberg Hospital.Kontakt Christian Have Dall","2015"
"37","David Høyrup Christiansen","Fysioterapeut, Cand. Scient. San. og ph.d.Ph.d.-afhandling""Physiotherapy and shoulder surgery: exercise treatment before and after decompression surgery in patients with subacromial impingement syndrome"".
Afsluttet i 2014.UddannelsesinstitutionAarhus Universitet.Nuværende arbejdspladsArbejdsmedicin, Universitets Klinik, Hospitalsenheden Vest.Kontakt David Høyrup Christiansen","2014"
"38","Derek John Curtis","Fysioterapeut, Master of Science i Biomekanik og ph.d.
Ph.d.-afhandling""Head and trunk postural control in moderate to severe cerebral palsy - A segmental approach to analysis and treatment.""Afsluttet i 2015.VejledereStig Sonne-Holm overlæge dr.med., Jesper Bencke cand.scient, ph.d. og professor Marjorie Woollacott, ph.d.UddannelsesinstitutionKøbenhavns Universitet i samarbejde med Hvidovre Hospital.
Nuværende arbejdspladsProfessionshøjskolen Metropol.
Kontakt Derek John Curtis","2015"
"39","Dorthe Varning Poulsen","Fysioterapeut, Master i Idræt og Velfærd, og ph.d.Ph.d.-afhandling""How war veterans with post-traumatic stress disorder experience nature-based therapy in a forest therapy garden"".
Afsluttet i 2015.UddannelsesinstitutionKøbenhavns Universitet, Det Natur- og Biovidenskabelige Fakultet.VejlederHovedvejleder: Professor Ulrika K. Stigsdotter.Nuværende arbejdspladsUniversity College Sjælland.
Kontakt Dorthe Varning Poulsen
Læs afhandlingen","2015"
"40","Eik Dybboe Bjerre","Fysioterapeut, cand.scient.fys. og ph.d.
Ph.d.-afhandling""Physical Activity, Exercise and Football in Men with Prostate Cancer"".
Afsluttet i 2018.
VejledereAssociate professor Julie Midtgaard og professor Klaus Brasso.
UddannelsesinstitutionKøbenhavns Universitet. Det Sundhedsvidenskabelige Fakultet, ph.d. program: Public Health and Epidemiology.
Nuværende arbejdspladsUniversitetshospitalernes Center for Sundhedsfaglig Forskning (UCSF), Rigshospitalet.
Kontakt Eik Dybboe Bjerre","2018"
"41","Elisabeth Ann Bandak","Fysioterapeut, Master in Medical Sciences, forskningsassistent og ph.d.Ph.d.-afhandling""Muscle perfusion in patients with knee osteoarthritis"".Afsluttet i 2018.UddannelsesinstitutionKøbenhavns Universitet, Det sundhedsvidenskabelige fakultet.VejlederMarius Henriksen fysioterapeut ph.d., seniorforsker, Parker Instituttet, Frederiksberg Hospital.Nuværende arbejdspladsParker Instituttet, Bispebjerg Frederiksberg Hospital
Kontakt Elisabeth Ann Bandak
Læs afhandlingen","2018"
"42","Erhard Trillingsgaard Næss-Schmidt","Fysioterapeut, M.Sc. og ph.d.Ph.d.-afhandling""Biomarkører i hjernen efter hjernerystelse - Et multimodal MRI-studie.""
Afsluttet i 2016.Om projektetPh.d.-studiet er en del af et større studie med et tilbud om udvidet undersøgelse og behandling for unge mellem 15 og 30 år, der stadig har symptomer 3 måneder efter en hjernerystelse. Ph.d’en har fokus på strukturelle og patofysiologiske ændringer i hjerne efter hjernerystelse samt plastiske ændringer i hjernen efter en periode med intervention og et self-management forløb. Det primære outcome for Phd studiet er MRI-markører og derudover er der en række sekundære outcome som symptomer, påvirkning af dagligdags aktiviteter mf.. Interventionen er et tværfagligt randomiseret kontrolleret studie med neuropsykolog, ergoterapeut samt fysioterapeut. Interventionen bygger på elementer af psykoedukation samt gradueret genoptræning. Det primære outcome ved interventionen er symptomer samt grad af påvirkning på dagligdags aktiviteter.UddannelsesstedHealth, Aarhus UniversitetVejlederJørgen Feldbæk Nielsen, Professor, overlæge dr.med.Nuværende arbejspladsForskningsenheden, Regionshospitalet Hammel Neurocenter, Hospitalsenhed Midt, Voldbyvej 15, DK-8450 Hammel.
Kontakt Erhard Trillingsgaard Næss-Schmidt","2016"
"43","Eva Jespersen","Fysioterapeut, Master i Rehabilitering og ph.d.
Ph.d.-afhandling""Musculoskeletal Extremity Injuries in School-aged Children with special focus on overuse injuries, seasonal variation and body composition. An investigation based on an observational prospective school based cohort study"".
Afsluttet i 2014.Projektet er skrevet i samarbejde med fysioterapeut Heidi Klakk, kiropraktor Christina Christiansen, kiropraktor Claudia Franz og læge Malene Heidemann.UddannelsesinstitutionCentre for Research in Childhood Health (RICH), Institut for Idræt og Biomekanik (IOB), Syddansk Universitet.Nuværende arbejdspladsCentre for Research in Childhood Health (RICH), Institut for Idræt og Biomekanik (IOB), Syddansk Universitet.
Kontakt Eva Jespersen
Læs afhandlingen","2014"
"44","Flemming Bandholm Jakobsen","Fysioterapeut, Master of Public Health og ph.d.
Ph.d.-afhandling""Learning with, from and about each other: Outcomes from an interprofessional training unit"".
Afsluttet i 2011.UddannelsesinstitutionCenter for medicinsk uddannelse, Det Sundhedsvidenskabelige Fakultet, Aarhus Universitet.Nuværende arbejdsgiverUniversitetsklinik for hånd-, hofte og knækirurgi, Holstebro.
Kontakt Flemming Bandholm Jakobsen
Læs afhandlingen","2011"
"45","Gunhild Mo Hansen","Fysioterapeut, Master i helsefag og ph.d. 
Ph.d.-afhandling
""Ændringer i skulderfunktionen efter constraint-induced movement therapy (CIMT)""
Afsluttet i 2018
Uddannelsesinstitution 
Århus Universitet
Vejledere
Professor Jørgen Feldbæk NielsenProfessor Susanne Wulff SvendsenProfessor Uwe G. KerstinForskningsansvarlig fysioterapeut Hanne Pallesen
Kontakt Gunhild Mo Hansen","2018"
"46","Gunn Ammitzbøll","PhD, MSc, PT
Ph.d.-afhandling""The effect of progressive resistance training after breast cancer with axillary lymph node dissection""
Afsluttet i 2019
UddannelsesinstitutionKøbenhavns Universitet
VejlederePrimær: Christoffer Johansen.                         Bivejledere: Susanne Oksbjerg Dalton og Charlotte Lanng
Nuværende arbejdspladsKræftens Bekæmpelse Center for Kræftforskning, Survivorship Unit og COMPAS, Nationalt Forskningscenter for lighed i Kræft, Sjællands Universitetshospital, Næstved. 
Kontakt Gunn Ammitzbøll","2019"
"47","Hanne Albert","Fysioterapeut, forsker, Master of Public Health og ph.d.
Ph.d.-afhandling""Ikke-kirurgisk behandling af patienter med radiculære smerter til UE - En klinisk kontrolleret undersøgelse"".
Afsluttet i 2003.Uddannelsesinstitution RygForskningsCenteret, Ringe. Det Sundhedsvidenskabelige Fakultet, Syddansk Universitet, OdenseNuværende arbejdspladsRygForskningsCenteret, Ringe.
Kontakt Hanne Albert
Læs afhandlingen","2003"
"48","Hanne Birke","Fysioterapeut, Master of Public Health og ph.d.Ph.d.-afhandling""Chronic non-cancer pain and opioid use: Population-based studies""
Afsluttet i 2019.
UddannelsesinstitutionKøbenhavns Universitet
VejledereHovedvejleder: Per SjøgrenProjektvejleder: Ola Ekholm
Nuværende arbejdspladsCenter for Klinisk Forskning og Forebyggelse, Frederiksberg- og Bispebjerg hospital
Kontakt Hanne Birke
Læs afhandlingen","2019"
"49","Hanne Pallesen","Fysioterapeut, cand.scient.san., suppleringsuddannelse i kultur- og samfundsanalyse og medicinsk antropologi, ph.d.
Ph.d.-afhandling""Fem år efter apopleksi – fra sygdom til handicap"".
Afsluttet i 2011.Uddannelsesinstitution Institut for Idræt og Biomekanik, Syddansk Universitet, Odense. Nuværende arbejdspladsForskningsenheden, Regionshospital Hammel Neurocenter.
Igangværende forskningsprojekterListe over igangværende forskningsprojekter
Kontakt Hanne Pallesen
Læs afhandlingen","2011"
"50","Hanne Thorsen","Fysioterapeut, læge og ph.d. i medicin.
Ph.d. -afhandling""Helbredsstatusmål - Erfaringer med Edingburg Rehabilitation Status Scale og Nottingham Health Profile"".
Afsluttet i 1995.UddannelsesinstitutionAfdeling for Almen Medicin, Institut for Folkesundhedsvidenskab, Københavns Universitet.Nuværende arbejdspladsSeniorforsker på Afdeling for Almen Medicin ved Institut for Folkesundhedsvidenskab på Københavns Universitet.
Kontakt Hanne Thorsen","1995"
"51","Hans Lund","Lektor på SEARCH (forskningsgruppe for Synthesis of Evidence and Research), Forskningsenheden for Muskuloskeletal Funktion og Fysioterapi (FoF).
Studieleder for masteruddannelsen i rehabilitering, studieleder for kandidatuddannelsen i fysioterapi. Professor, Høgskolen i Bergen, Norge.
Ph.d.-afhandling""Ekscentrisk muskelarbejde som model til undersogelse af virkningsmekanismer bag fysioterapi til muskelskader"".
Afsluttet i 1997.Uddannelsesinstitution Københavns Universitet.Nuværende arbejdspladsSyddansk Universitet og Høgskolen i Bergen, Norge.
Kontakt Hans Lund","1997"
"52","Heidi Klakk","Fysioterapeut, lektor, cand.scient.san. og ph.d.Ph.d.-afhandling""Betydningen af øget fysisk aktivitet for nuværende og fremtidig sundhed hos børn og unge. Et interventionsprojekt over tre år i Svendborg kommune."".
Afhandlingen er blevet til i samarbejde med fysioterapeut Eva Jespersen.Engelsk titel:  Body Composition and Cardiovascular Health in School-aged Children.
The Childhood Health, Activity and Motor Performance School Study Denmark (CHAMPS study-dk). An evaluation on the health effect of sport schools in the Svendborg Project
Afsluttet i 2013.UddannelsesinstitutionRICH, IOB, SDU, post.doc. fortsættelse og procesevaluering af Svendborg Projektet, Forskningsmedarbejder ved UC Lillebælt.Nuværende arbejdspladsFysioterapeutuddannelsen ved UC Lillebælt (Heidi Klakk arbejder deltid på sin ph.d.-afhandling og deltid som adjunkt i fysioterapi på UC Lillebælt).Om projektet af Heidi KlakkFormål og problemstillinger i afhandlingenDet overordnede formål med afhandlingen var at evaluere effekten af de fire ekstra idrætstimer på børns nuværende og fremtidige sundhed. Problemstillingerne er:1. At beskrive ideen  og designet for Svendborg Projektet  og CHAMPS study-DK (paper I).2. At evaluere effekten af fire ekstra idrætstimer om ugen i folkeskolen på børnenes udvikling af BMI, fedt procent og overvægts prævalens (paper II).3. At evaluere effekten af fire ekstra idrætstimer om ugen i folkeskolen på børnenes udvikling af hjerte-kar-sygdoms risikofaktorer(paper III).4. At undersøge betydningen af kondition og kropssammensætning (direkte og indirekte målt) for hjerte-kar-sygdoms risikofaktorer hos raske danske børn i alderen 7 til 11 år over en to års periode. Samt at undersøge betydningen af ændringer i kondition og kropssammensætning i samme periode(paper IV).5. At komme med anbefalinger for fremtidig forskning og folkesundhedstiltag på baggrund af de observerede resultater.Læs artikel om projektetKontakt Heidi Klakk
Læs afhandlingen","2013"
"53","Helle Nygaard Gerbild","Fysioterapeut, cand.scient.san., master i sexologi og ph.d.
Ph.d.-afhandling""Udvikling af den komplekse intervention: Fysisk aktivitet der kan reducere vaskulær erektil dysfunktion.”
Afsluttet april 2021.
VejledereBirgitte Schantz Laursen, Kristina Anreskoug-Josefsson og Camilla Marie Larsen.
UddannelsesinstitutionSexologisk Forskningscenter, Klinisk Institut, Aalborg Universitet.
Nuværende arbejdspladsUCL, Erhvervsakademi og ProfessionshøjskoleOslo Metropolitan University.
Kontakt Helle Nygaard Gerbild
Læs afhandlingen","2021"
"54","Helle Mätzke Rasmussen","Fysioterapeut, Master i fitness og træning og ph.d.
Ph.d.-afhandling”Individuel tværfaglig intervention for børn med cerebral parese. Betydningen af tredimensionel klinisk ganganalyse på gang og mobilitet”.
Projektet er gennemført på Bevægeanalyse Laboratoriet, Ortopædkirurgi, Klinisk Institut, Syddansk Universitet
Afsluttet i 2018.
VejledereLektor, ph.d. Anders Holsgaard Larsen (hovedvejleder), professor, dr.med. Søren Overgaard og klinisk lektor Niels Wisbech Pedersen, alle fra Ortopædkirurgi, Klinisk Institut, Syddansk Universitet.
Nuværende arbejdspladsR82 A/S
Kontakt Helle Mätzke Rasmussen
Læs afhandlingen","2018"
"55","Helle Rønn Smidt","Fysioterapeut, Kandidat i pædagogisk psykologi. Phd.
Ph.d.-afhandling ""Kropslige relationer i den fysioterapeutiske praksis i rehabiliteringen efter apopleksi. Betydningen for patienters identitetsarbejde.""
Afsluttet i 2020.
Uddannelsesinstitution Aalborg universitetEt samarbejde mellem, VIA, Hammel Neurocenter, Aalborg Universitet
VejledereHovedvejleder: Lektor og ph.d. Anette Lykke Hindhede, Det Humanstiske Fakultet, Institut for Kultur og Læring, Aalborg Universitet, Danmark.Medvejledere: Lektor og Ph.d. Hanne Pallesen, Forskningsansvarlig Fysioterapeut, Regionshospitalet Hammel Neurocenter, Klinisk Institut, Aarhus Universitet, Danmark.Seniorforsker og ph.d. Kristian Larsen, Universitetshospitalernes Center for Sundhedsfaglig Forskning, Rigshospitalet, Adjunct Professor ved Fakultet for Helsevitenskap, OsloMet, Storbyuniversitetet. Oslo, Norge.
Nuværende arbejdsgiverVIA University College.
Læs afhandlingen
Kontakt Helle Rønn Smidt","2020"
"56","Henning Langberg","Fysioterapeut, cand.scient.(humanbiologi), ph.d. og Dr. med.
Ph.d.-afhandling""The human Achilles tendon - Circulatory and metabolic changes with exercise"".
Afsluttet i 2000.Uddannelsesinstitution Københavns Universitet.Nuværende arbejdspladsCopenRehab, Section of Social Medicine, Dep. of Public Health, Faculty of Health University of Copenhagen.Henning Langberg er desuden videnskabelig redaktør for Danske Fysioterapeuters onlinetidsskrift Forskning i Fysioterapi.
Kontakt Henning Langberg
Læs afhandlingen
Henning Langbergs doktordisputats fra 2007 ""Response of tendon associated connective tissue to mechanical loading in humans – with reference to the microdialysis technique"" kan rekvireres ved henvendelse til ham via mail.","2000"
"57","Henriette Engberg","Fysioterapeut, cand.scient.san og ph.d.
Ph.d.-afhandling""Centenarians - A model for healthy aging: New studies on Danish centenarians"".
Afsluttet i 2009.Uddannelsesinstitution Institut for Sundhedstjenesteforskning (IST), Epidemiologi, Syddansk Universitet. Nuværende arbejdspladsCenter for Klinisk Epidemiologi, Odense Universitetshospital.
Kontakt Henriette Engberg","2009"
"58","Henrik Bjarke Vægter","Fysioterapeut, MSc Pain Management og Ph.D.
Ph.d.-afhandling""Temporal and Spatial Manifestations of Exercise-induced Hypoalgesia and Conditioned Pain Modulation"".
Afsluttet i 2014.UddannelsesinstitutionInstitut for Medicin og Sundhedsteknologi, Ph.D.-skolen ved Det Sundhedsvidenskabelige Fakultet, Aalborg Universitet.VejledereHovedvejleder: Thomas Graven-Nielsen, DMSc, PhD, Professor og PhD-programansvarlig, PhD-skolen ved Det Sundhedsvidenskabelige Fakultet, Aalborg Universitet.Medvejleder: Gitte Handberg, Specialeansvarlig Overlæge, Smertecenter Syd, Anæstesiologisk-Intensiv Afdeling, Odense Universitetshospital.Nuværende arbejdspladsSmertecenter Syd, Odense Universitetshospital og Klinisk Institut, Syddansk Universitet.Kontakt Henrik Bjarke VægterLæs afhandlingen","2014"
"59","Henrik Eshøj","Fysioterapeut, cand.scient. i idræt og biomekanik og ph.d.
Ph.d.-afhandling""Non-operative Treatment, Outcome Measurements and Characteristics of Patients with Traumatic Anterior Shoulder Dislocation"".Afsluttet i 2017.
Uddannelsesinstitution
Sundhedsvidenskabeligt Fakultet, Syddansk Universitet, Odense.
Vejledere
Hovedvejleder: Birgit Juul-Kristensen, lektor, Institut for Idræt og Biomekanik, Syddansk Universitet.Medvejledere: Sten Rasmussen, overlæge, Ortopædkirurgisk Forskningsenhed, Aalborg UniversitetshospitalSteen Lund Jensen, ortopædkirurg, Skuldersektoren Farsø/Aalborg UniversitetshospitalLars Henrik Frich, overlæge, Ortopædkirurgisk ambulatorium, Odense UniversitetshospitalKaren Søgaard, professor, Institut for Idræt og Biomekanik, Syddansk Universitet
Nuværende arbejdsplads
Institut for Idræt og Biomekanik, Forskningsenheden for Muskuloskeletal Funktion og Fysioterapi (FOF).
Kontakt Henrik Eshøj","2017"
"60","Henrik Kirk Andersen","Fysioterapeut, MA E.P. og ph.d.
Ph.d.-afhandling”Objective evaluation and intervention of active and passive stiffness in muscles”.
Afsluttet i 2015.
Om projektetUndersøgelse af årsager til udvikling af aktiv og passiv muskelstivhed hos personer med Cerebral Parese samt prototypeudvikling af Portable Spasticity Assessment Device, der kan differentiere mellem aktiv og passiv stivhed. Herudover randomiserede kontrollerede studier, der undersøger effekt af progressiv, superviseret, tung styrktræning på voksne med CP samt effekt af Neuro Muskulær Elektrisk Stimulering på aktiv og passiv stivhed i spastiske muskler.
UddannelseinstitutionKøbenhavns Universitet.Nuværende arbejdspladsProfessionshøjskolen Metropol – fysioterapeutuddannelsen.
Kontakt Henrik Kirk Andersen","2015"
"61","Henrik Koblauch","Cand. scient. san. og ph.d.Ph.d.-afhandling""Low back load in airport baggage handlers"".
Afsluttet i 2015.UddannelsesinstitutionKøbenhavns Universitet, Det Sundhedsvidenskabelige Falkultet.VejledereErik B. Simonsen, KU; Mark de Zee, Aalborg Universitet; Sigurd Mikkelsen, Bispebjerg Hospital.Nuværende arbejdspladsProfessionshøjskolen UCC, fysioterapeutuddannelsen Nordsjælland.
Kontakt Henrik Koblauch","2015"
"62","Inge Ris","Undersøgelse af årsager til udvikling af aktiv og passiv muskelstivhed hos personer med Cerebral Parese samt prototypeudvikling af Portable Spasticity Assessment Device, der kan differentiere mellem aktiv og passiv stivhed. Herudover randomiserede kontrollerede studier, der undersøger effekt af progressiv, superviseret, tung styrktræning på voksne med CP samt effekt af Neuro Muskulær Elektrisk Stimulering på aktiv og passiv stivhed i spastiske muskler. Uddannelseinstitution Københavns UniversitetNuværende arbejdsplads Professionshøjskolen Metropol – fysioterapeutuddannelsen.
Kontakt Inge Ris","2016"
"63","Inger Mechlenburg","Fysioterapeut, cand.scient.san. og ph.d.
Ph.d.-afhandling""Evaluation of Bernese Periacetabular Osteotomy; Prospective Studies Examining Projected Load-bearing Area, Bone Density, Cartilage Thickness and Migration"".
Afsluttet i 2007.
Uddannelsesinstitution Klinisk Institut, Aarhus Universitet.Nuværende arbejdspladsInstitut for klinisk medicin, Aarhus Universitet.Kontakt Inger Mechlenburg
Læs afhandlingen","2007"
"64","Jacob Uth","Fysioterapeut, Cand. Scient. San., og ph.d.Ph.d.-afhandling”FC Prostata: En randomiseret kontrolleret undersøgelse af de muskuloskeletale effekter af fodboldtræning hos mænd med prostatakræft i kastrationsbaseret behandling.”
Afsluttet i 2015.UddannelsesinstitutionKøbenhavns Universitet på Det Sundhedsfaglige Fakultet.VejledereProfessor Mikael Rørth, Rigshospitalet.Professor Peter Krustrup, Institut for Idræt og Ernæring, Københavns Universitet.Lektor Eva Wulff Helge, Institut for Idræt og Ernæring, Københavns Universitet.Nuværende arbejdspladsRigshospitalet, Onkologisk Klinik.
Kontakt Jacob Uth","2015"
"65","Jakob Lorentzen","Fysioterapeut, cand.scient.san. og ph.d.
Ph.d.-afhandling""Quantitative evaluation of spasticity"".
Afsluttet i 2010.Uddannelsesinstitution Det Naturvidenskabelige Fakultet, Institut for Idræt, Københavns Universitet.
Kontakt Jakob Lorentzen
Læs afhandlingen","2010"
"66","Jan Christensen","Fysioterapeut, cand.scient.fys. og ph.d.Ph.d.-afhandling""Rehabilitation of Danish physically injured veterans and civilians with traumatic lower limb amputation(s).""
Afsluttet i 2018.VejledereHovedvejleder: Professor Henning Langberg. Medvejledere: Professor Patrick Doherty og Professor Ingrid Eugenie Egerud.UddannelsesinstitutionKøbenhavns Universitet, Det Sundhedsvidenskabelige Fakultet, Afdeling for Social Medicin.Nuværende arbejdspladsKlinik for Ergo- og Fysioterapi Rigshospitalet.SamarbejdeProjektet udføres som et samarbejde mellem Klinik for Ergo- og Fysioterapi, Rigshospitalet samt CopenRehab, Københavns Universitet.
Kontakt Jan Christensen","2018"
"67","Jane Andreasen","Fysioterapeut, Master i Læreprocesser og ph.d.
Ph.d.-afhandling""Frailty in Acutely Admitted Older Medical Patients – Identification, meaning and consequences of frailty at hospital discharge.""
Afsluttet i februar 2017.
UddannelsesinstitutionAalborg Universitet.
VejledereHovedvejleder: Professor Erik Elgaard Sørensen, Aalborg Universitetshospital.
Medvejledere: Associate professor Mette Aadahl, Københavns Universitet.Professor Hans Lund, Syddansk Universitet og Bergen University College, Norway.Professor Kim Overvad, Aarhus Universitet, Aalborg Universitetshospital.
Nuværende arbejdspladsFysio- og Ergoterapien, Klinik Akut, Aalborg Universitetshospital.
Kontakt Jane Andreasen","2017"
"68","Jeanette Barnewitz Leth","Fysioterapeut, cand.scient.san. og ph.d.Ph.d afhandling""Mennesket bag individuel kompetencevurdering (IKV).""
Afsluttet i 2018.
Projektet omhandler implementering af retningslinjer i almen praksis.
VejledereLektor Steen Baagøe Nielsen, Institut for Mennesker og Teknologi, RUC.UddannelsesinstitutionRoskilde Universitet.
Kontakt Jeanette Barnewitz Leth","2018"
"69","Jeanette Præstegaard","Fysioterapeut, M.Sc. og ph.d.
Ph.d.-afhandling""Physiotherapy in a Danish private context - a social and ethical practice"".
Afsluttet i 2014.Uddannelsesinstitution Medicinska Fakulteten, Lunds Universitet, Sverige.Nuværende arbejdsplads Docent på Center for Ernæring og Rehabilitering ved University College Sjælland.
Kontakt Jeanette Præstegaard
Læs afhandlingen","2014"
"70","John Brincks","Fysioterapeut, cand.scient.san. og ph.d.
Ph.d.-afhandling""3D gait analysis of lower extremity muscle group power in healthy subjects and subacute stroke patients, and task-specific gait interventions in early stroke rehabilitation"".
Afsluttet i 2010.
Uddannelsesinstitution Det Sundhedsvidenskabelige Fakultet, Aarhus Universitet.
Nuværende arbejdsplads Fysioterapeutuddannelsen i Århus, VIA University College.
Kontakt John Brincks
Læs afhandlingen","2010"
"71","Jón Joensen","Fysioterapeut, ph.d.
Ph.d.-afhandling”Biophysical and biological effects from Low-Level-Laser-Therapy”.
Afsluttet i 2013.UddannelsesinstitutionUniversitetet i Bergen.VejlederProfessor Jan Magnus Bjordal.Nuværende arbejdspladsAnsat ved fysioterapeut uddannelsen i Bergen (Høyskolen i Bergen).
Kontakt Jón Joensen
Læs afhandlingen","2013"
"72","Jonathan David Comins","Fysioterapeut, M.Sc. og ph.d.
Ph.d.-afhandling""Measuring Symptoms, Function, and Psychosocial Consequences in Patients with Anterior Cruciate Ligament Rupture - Development and Validation of a Patient-related Outcome Questionnaire"".
Afsluttet i 2012. UddannelsesinstitutionIdrætskirurgisk Center, Bispebjerg Hospital, Institut for Ortopædi & Intern Medicin, Københavns Universitet – SUND.Nuværende arbejdspladsReumatogisk Afdeling, Roskilde-Køge - Region Sjælland.
Kontakt Jonathan David Comins
Læs afhandlingen","2012"
"73","Julie Sandell Jacobsen","Fysioterapeut, cand.scient.san. og ph.d.
Ph.d.-afhandling""Forekomst af muskel-sene forandringer hos 100 patienter med hoftedysplasi før og et år efter periacetabular osteotomi.""
Afsluttet i 2020.
VejledereLektor Inger Mechlenburg.Professor Kjeld Søballe.Lektor og seniorforsker Kristian Thorborg.
UddannelsesinstitutionAarhus Universitet.
Nuværende arbejdspladsVIA Fysioterapeutuddannelsen, VIA Research Centre for Health and Welfare Technology
Forskningsenheden for Almen Praksis, Aarhus Universitet
Læs afhandlingen
Kontakt Julie Sandell Jacobsen","2020"
"74","Karen Ellegaard","Fysioterapeut og ph.d.
Ph.d.-afhandling”Accuracy of ultrasound Doppler measurements in assessment of disease activity in patients with rheumatoid artrhritis”.
Afsluttet i 2009.
Uddannelsesinstitution Parker Instituttet, Frederiksberg Hospital.
Kontakt Karen Ellegaard
Læs afhandlingen","2009"
"75","Karen Prip","Fysioterapeut, Master of science og ph.d.
Ph.d.-afhandling”Disability among tortured refugees in relation to pain and sensory function in their feet”.
Afsluttet i 2014.UddannelsesinstitutionSyddansk Universitet, Det Sundhedsvidenskabelige Fakultet, Forskeruddannelsen.ArbejdspladsPensioneret. Tidligere: Rehabiliterings- og Forskningscentret for Torturofre (RCT), forskningsafdelingen.
Kontakt Karen Prip
Læs afhandlingen","2014"
"76","Karin Biering","Fysioterapeut, cand.scient.san. og ph.d.
Ph.d.-afhandling""Life after Heart Disease - Patient-reported health measures and prognosis following PCI treatment"".Afsluttet i 2013.
UddannelsesinstitutionAarhus Universitet.
VejledereOverlæge og ph.d. Niels Henrik Hjøllund.Klinisk professor Hans Erik Bøtker.
Nuværende arbejdspladsArbejdsmedicinsk Klinik, Herning.Kontakt Karin Biering
Læs afhandlingen","2013"
"77","Kenneth Pihl","Fysioterapeut, cand.scient.fys, ph.d.
AfhandlingSearching for subgroups of patients benefitting most from meniscal surgery – do they exist?
Afsluttet i 2019.
UddannelsesinstitutionPh.d.-projektet er gennemført ved Institut for Idræt og Biomekanik, Forskningsenheden for Muskuloskeletal Funktion og Fysioterapi (FoF), Sundhedsvidenskabelige Fakultet, Syddansk Universitet.
HovedvejlederProfessor (cand.scient., ph.d.) Jonas Bloch Thorlund, Institut for Idræt og Biomekanik, Forskningsenheden for Muskuloskeletal Funktion og Fysioterapi (FoF), Sundhedsvidenskabelige Fakultet, Syddansk Universitet.
Kontakt Kenneth Pihl
Læs afhandling","2019"
"78","Kim Gordon Ingwersen","Fysioterapeut, cand.scient.san. og ph.d.
Ph.d.-afhandling""Diagnostic evaluation of Rotator Cuff Tendinopathy and the effect of three months of progressive high load exercise treatment"".
Afsluttet i 2016.
UddannelsesinstitutionForskningsenheden for Muskuloskeletal Funktion og Fysioterapi, Institut for Idræt og Biomekanik, Syddansk Universitet.
VejlederLektor Birgit Juul-Kristensen, Fysioterapeut, PhD,. Forskningsenheden for Muskuloskeletal Funktion og Fysioterapi, Institut for Idræt og Biomekanik, Syddansk Universitet.Professor Karen Søgaard, Cand. Scient., PhD,. Fysisk Aktivitet og Sundhed i arbejdslivet, Institut for Idræt og Biomekanik, Syddansk Universitet.
Nuværende arbejdspladsSygehus Lillebælt - Vejle Sygehus.
Kontakt Kim Gordon Ingwersen","2016"
"79","Kira Bloomquist","Fysioterapeut, cand.scient.san. og ph.d.Ph.d.-afhandling""Heavy resistance training for women undergoing adjuvant chemotherapy at risk of developing breast cancer related lymphedema.""Afsluttet i 2018.VejledereHovedvejleder: professor Lis Adamsen.Primær medvejleder: professor Sandi Hayes.Medvejledere: dr.med Peter Oturai, professor Bent Ejlertsen, senior forsker Tom Møller.UddannelsesinstitutionKøbenhavns Universitet.Nuværende arbejdspladsUniversitetshospitalernes Center for Sundhedsfaglig Forskning (UCSF), Rigshospitalet.Kontakt Kira Bloomquist
Læs afhandlingen","2018"
"80","Kristian Thorborg","Fysioterapeut, specialist i idrætsfysioterapi og muskuloskeletal fysioterapi og ph.d.
Ph.d.-afhandling""Clinical Outcome Measures for Physically Active Individuals with Hip and Groin Pain"".
Afsluttet i 2011.
UddannelsesinstitutionKøbenhavns Universitet, Det Sundhedsvidenskabelige Fakultet.
Nuværende arbejdspladsTilknyttet ortopædkirurgisk afdelingsforskningsenhed på Amager Hospital og har siden 2008 været tilknyttet Idrætsklinikken på Hamlet. Desuden underviser for blandt andet Dansk Idrætsmedicinsk Selskab og på cand.scient.san.-uddannelsen på Københavns Universitet.
Kontakt Kristian Thorborg
Læs afhandlingen","2011"
"81","Lars Hermann Tang","Fysioterapeut, cand.scient.san., ph.d.Ph.d.-afhandling""Exercise-based cardiac rehabilitation - the use of patient-preferred settings and its impact on exercise intensity and clinical health effects"".
Afsluttet i 2016.Uddannelsesinstitution Københavns Universitet, Det Sundhedsvidenskabelige Fakultet, Afdeling for Social Medicin.VejlederHovedvejleder: Professor Henning Langberg. Medvejleder: Overlæge Ann-Dorthe Zwisler, Professor Patrick Doherty og Ph.d. Selina Kikkenborg Berg.
Nuværende arbejdsplads Videncenter for Rehabiltering og Palliation og Professionshøjskolen Metropol.
SamarbejdeProjektet udføres som et samarbejde mellem CopenHeart, Københavns Universitet og Professionshøjskolen Metropol.
Kontakt Lars Hermann Tang","2016"
"82","Lars Morsø","Fysioterapeut, Master of Public Health og ph.d.
Ph.d.-afhandling""Translation and validation of 'the STarT Back Tool'"".
Afsluttet i 2013.Uddannelsesinstitution RygforskningsCenteret, Rygcenter Syddanmark, Middelfart.Nuværende arbejdspladsCenter for Kvalitet, Region Syddanmark & Institut for Regional Sundhedsforskning, SDU.
Kontakt Lars Morsø
Læs afhandlingen","2013"
"83","Lene Nyboe Jacobsen","Fysioterapeut, cand.scient.san. og ph.d.
Ph.d.-afhandling""Metabolisk syndrom hos patienter med ny-diagnosticeret skizofreni - prognose og forebyggelse"".
Afsluttet i 2015.UddannelsesinstitutionÅrhus Universitet, Det Sundhedsvidenskabelige Fakultet.Nuværende arbejdspladsLene Nyboe er ledende fysioterapeut på Center for Psykiatrisk Forskning, Århus Universitetshospital, Risskov.
Kontakt Lene Nyboe Jacobsen
Læs afhandlingen","2015"
"84","Lina Holm Ingelsrud","Fysioterapeut, cand.scient.fys. og ph.d.
Ph.d.-afhandling
""Defining patient-reported outcome measurement cut-points in patients undergoing knee surgery.""
Afsluttet i 2018
Uddannelsesinstitution
Syddansk Universitet.
Vejledere
Hovedvejleder: Professor Ewa Roos
Medvejledere: Professor Anders Troelsen og ph.d. Caroline Terwee
Kontakt Lina Holm Ingelsrud","2018"
"85","Lisbeth Kirstine Rosenbek Minet","Ph.d. afhandling”Self-Management in Diabetes Care: The importance of self-care management intervention in chronically ill patients diagnosed with diabetes”.
Afsluttet i 2011.UddannelsesinstitutionKlinisk Institut, Det Sundhedsvidenskabelige Fakultet, Syddansk Universitet.Nuværende arbejdspladsRehabiliteringsafdelingen, Odense Universitetshospital.
Kontakt Lisbeth Kirstine Rosenbek Minet","2011"
"86","Lisbeth Runge Larsen","Fysioterapeut, Cand. Scient. San. og ph.d.
Ph.d.-afhandling""Motorisk præstation som prædiktor for idrætsskader, samt motorisk præstation som prædiktor for fysisk aktivitetsniveau – undersøgt blandt børn og unge.Et delprojekt af Svendborgprojektet.""
Afsluttet i 2014.
UddannelsesinstitutionSyddansk Universitet, Odense.
Hovedvejleder: Niels Wedderkopp, (medvejleder Birgit Juul-Kristensen).
Nuværende arbejdspladsCenter for Velfærdsteknologi, University College Lillebælt, Odense.Institut for Regional Sundhedsforskning, Odense.Kontakt Lisbeth Runge Larsen
Læs afhandlingen","2014"
"87","Lise Kronborg Poulsen","Fysioterapeut og ph.d.Ph.d.-afhandling""Tidlig og intensiv styrketræning på hospital og kommunal genoptræning i Danmark efter operation for akut hoftebrud.""
Afsluttet i 2016.UddannelsesinstitutionKøbenhavns Universitet, Sundhedsvidenskabeligt Fakultet, Klinisk Forskning.VejlederMorten Tange Kristensen, Seniorforsker, PT, PhD.Nuværende arbejdspladsHvidovre Hospital, Ergo- og Fysioterapien.
Kontakt Lise Kronborg Poulsen","2016"
"88","Lone Ramer Mikkelsen","Fysioterapeut, cand.scient.san og ph.d.
Ph.d.-afhandling""Early rehabilitation after fast-track total hip replacement. Effect of early, supervised, progressive resistance training and influence of movement restrictions and assistive devices on functional recovery"".
Afsluttet i 2014.UddannelsesinstitutionAarhus Universitet.Nuværende arbejdspladsCenter for Planlagt Kirurgi, Regionshospitalet Silkeborg.
Kontakt Lone Ramer Mikkelsen
Læs afhandlingen","2014"
"89","Lotte Nygaard Andersen","Fysioterapeut, cand. scient. og ph.d.
Ph.d.-afhandlingEffekten af ’tilpasset fysisk aktivitet’ og ’Lær at tackle kroniske smerter’ på tilbagevenden til arbejde – en randomiseret kontrolleret undersøgelse af sygemeldte borgere med muskuloskeletal smerte relateret til columna og øvrige del af overkroppen. Samt kvalitativ undersøgelse af gruppens betydning for interventionens effekt.
Afsluttet i 2014.HovedvejlederProfessor Karen Søgaard, Institut for Idræt og Biomekanik, Forskningsenheden for Muskuloskeletal Funktion og Fysioterapi.Nuværende arbejdspladsSyddansk Universitet, Institut for Idræt og Biomekanik, Forskningsenheden for Muskuloskeletal Funktion og Fysioterapi.Projektet er gennmført i samarbejde med Sønderborg Kommune.
Kontakt Lotte Nygaard Andersen","2014"
"90","Lotte Skytte Krøll","Fysioterapeut, MPH og ph.d.Ph.d.-afhandling""The effects of aerobic exercise and the impact of migraine and co-existing tension-type headache and neck pain"".
Afsluttet maj 2018.UddannelsesinstitutionLunds Universitet, Medicinsk Fakultet, Afd for Health Sciences.VejledereRigmor Højland Jensen, professor, Dansk Hovedpinecenter Rigshospitalet-Glostrup; Catharina Sjödahl Hammarlune, docent, Lunds Universitet og Gunvor Gard, professor, Lunds Universitet.Nuværende arbejdspladsDansk Hovedpinecenter, Rigshospitalet-GlostrupKontakt Lotte Skytte Krøll
Læs afhandlingen","2018"
"91","Louise Klokker Madsen","Fysioterapeut, cand.scient.san. og ph.d.
Ph.d.-afhandling""Knee Osteoarthritis Pain during Activity - Development of the DAP: Dynamic weight-bearing Assessment of Pain in Knee OA"".
Afsluttet i 2016.UddannelsesinstitutionKøbenhavns Universitet.VejledereHovedvejleder: professor Marius Henriksen.Medvejleder: lektor Eva Ejlersen Wæhrens.Medvejleder: professor Henning Bliddal.Nuværende arbejdspladsParker Instituttet, Bispebjerg & Frederiksberg Hospital.
Kontakt Louise Klokker Madsen","2016"
"92","Maja Schick Sommer","Fysioterapeut, ph.d.
Ph.d.-afhandling""Perioperative Rehabilitation in Operable Lung Cancer Patients (PROLUCA)""
Afsluttet i 2018.
UddannelsesinstitutionGraduate School of Health and Medical Sciences, University of Copenhagen
VejledereProfessor Henning Langberg, Associate Professor Jesper Holst Pedersen, Associate Professor Klaus Richter Larsen.
Nuværende arbejdspladsCenter for Kræft og Sundhed København
Kontakt Maja Schick Sommer","2018"
"93","Margrethe Smidth","Fysioterapeut, MSc Health Services Management og ph.d.
Ph.d.-afhandling” The effect of an active implementation of a disease management program for Chronic Obstructive Pulmonary Disease”.
Afsluttet i 2013.
VejledereProfessor Peter Vedsted og professor Frede Olesen.
UddannelsesinstitutionForskningsenheden for Almen Praksis, Aarhus Universitet.
Kontakt Margrethe Smidth
Læs afhandlingen","2013"
"94","Marius Henriksen","Ph.d.-afhandling""The significance of pain in knee joint loading during walking"".
Afsluttet i 2007.Uddannelsesinstitution Center for Sanse-Motorisk Interaktion, Aalborg Universitet.Nuværende arbejdspladsParker Instituttet, Frederiksberg Hospital.
Kontakt Marius Henriksen
Læs afhandlingen","2007"
"95","Merete Møller","Fysioterapeut, cand.scient.san. og ph.d.Ph.d.-afhandling""Shoulder injuries in youth handball - aetiology and prevention"".
Afsluttet i 2017.UddannelsesinstitutionAarhus Universitet.VejledereHovedvejleder: Professor Henning LangbergVejledere: Associate Professor Jesper Holst Pedersen og Associate Professor Klaus Richter Larsen.Nuværende arbejdspladsInstitut for Folkesundhed, Sektion for Idræt, Aarhus Universitet.
Kontakt Merete Møller","2017"
"96","Mette Aadahl","Fysioterapeut, Master of Public Health, Seniorforsker og ph.d.
Ph.d.-afhandling""Physical activity - Selv-reported physical activity and cardiovascular biomarkers in an adult population"".
Afsluttet i 2007.Uddannelsesinstitution Det Sundhedsvidenskabelige Institut, Københavns Universitet.Nuværende arbejdspladsForskningscenter for Forebyggelse og Sundhed, Region Hovedstaden & Institut for Folkesundhedsvidenskab, Københavns Universitet.Kontakt Mette Aadahl
Læs afhandlingen","2007"
"97","Mette Krintel Petersen","Fysioterapeut, cand.scient.san. og ph.d.
Ph.d.-afhandling""Rehabilitation outcome after total hip replacement; prospective randomized studies evaluating two different postoperative regimes and two different types of implants"".
Afsluttet i 2008. UddannelsesinstitutionAarhus Universitet.
Nuværende arbejdspladsFysioterapi- og ergoterapi afdelingen, Aarhus Universitetshospital & Institut for Klinisk Medicin, Aarhus Universitet.
Kontakt Mette Krintel Petersen
Læs afhandlingen","2008"
"98","Mette Merete Pedersen","Fysioterapeut og ph.d.Ph.d.-afhandling""Mobility in acutely admitted and primary care patients - in-hospital physical activity and simple strength training.""
Afsluttet i 2016.UddannelsesinstitutionKøbenhavns Universitet.VejledereHovedvejleder: Professor Martin Lind.Medvejledere: Lektor Ph.d. Jørn Attermann, Professor Niels Wedderkopp, Dr. Grethe Myklebust, Lektor Ph.d. Henrik Sørensen.Nuværende arbejdspladsHvidovre Hospital.Kontakt Mette Merete Pedersen
Læs afhandlingen","2016"
"99","Michael Skovdahl Rathleff","Fysioterapeut og ph.d.
Ph.d.-afhandling""Adolescents with Patellofemoral Pain: Epidemiology, Biomechanics and Exercise as Treatment"".
Afsluttet i 2014.Uddannelsesinstitution Det Sundhedsvidenskabelige Fakultet, Århus UniversitetNuværende arbejdspladsForskningsenheden for Almen Praksis i Aalborg samt Aalborg Universitet.
Kontakt Michael Rathleff","2014"
"100","Michael Smærup Brandt","Fysioterapeut, Cand.pæd.soc. og ph.d.Ph.d.-afhandling""Effectiveness of computer-assisted training for older patients with vestibular dysfunction"".
Afsluttet i 2016.Uddannelsesinstitution Det Sundhedsvidenskabelige Fakultet, Aarhus Universitet.
VejledereElse Marie Damsgaard, professor, Aarhus Universitetshospital.Uffe Læssøe, ph.d., University College Nordjylland.Erik Grönvall, ph.d., Aarhus Universitet.Nuværende arbejdsplads Geriatrisk afdeling, Århus Sygehus.
Kontakt Michael Smærup Brandt
Læs afhandlingen","2016"
"101","Michelle Stahlhut","Fysioterapeut, master of medical science og ph.d.Ph.d.-afhandling""Health-enhancing partipation in girls and women with Rett syndrome - a balancing act"".Afsluttet juni 2018.UddannelsesinstitutionLunds Universitet.VejledereHovedvejleder: Eva Nordmark, Ass.ProfessorBivejledere: Anne-Marie Bisgaard Pedersen, overlæge, PhD; Jenny Downs, Ass.ProfessorNuværende arbejdsstedCenter for Rett syndrom.Kontakt Michelle Stahlhut","2018"
"102","Mikkel Bek Clausen","Fysioterapeut, cand.scient.san. og ph.d.
Ph.d.-afhandling""Rehabilitation of impairments in patients with subacromial impingement syndrome"".
Afsluttet i marts 2018.
UddannelsesinstitutionKøbenhavns Universitet.
Nuværende arbejdspladsProfessionshøjskolen Metropol.
Kontakt Mikkel Bek Clausen","2018"
"103","Morten Høgh","Fysioterapeut, Master of Science in Pain: Science & Society og ph.d.
Ph.d.-afhandling""Facilitation of nociceptive pathways""
Afsluttet i 2019
UddannelsesinstitutionCenter for Neuroplasticity (CNAP), SMI, Aalborg Universitet
VejlederProfessor Thomas Graven-Nielsen
Kontakt Morten Høgh","2019"
"104","Morten Quist","Forskningsfysioterapeut, Cand. Scient. San. og ph.d.Ph.d.-afhandling""EXHALE - Exercise as a strategy for rehabilitation in Advanced Stage Lung Cancer Patients – A Randomized Clinical Trial"".
Afsluttet i 2015.VejledereProfessor, forskningsleder Lis Adamsen.Professor, Overlæge, Dr. Med Mikael Rørth.Ph.d, Overlæge, Dr. Med Seppo Langer.UddannelsesinstitutionKøbenhavns Universitet.Nuværende arbejdspladsUCSF - Universitetshospitalernes Center for Sundhedsfaglig Forskning.
Kontakt Morten Quist
Læs afhandlingen","2015"
"105","Morten Tange Kristensen","Forskningsfysioterapeut og med.dr.
Ph.d. -afhandling""Hip Fractures - functional assessments and factors influencing in-hospital outcome, a physiotherapeutic perspective"".
Afsluttet i 2010.Uddannelsesinstitution Medicinska Fakulteten, Department of Health Sciences, Division of Physiotherapy, Lunds Universitet, Sverige.
Nuværende arbejdsplads Fysioterapien og Ortopædkirurgisk Afdeling, RegionH, Hvidovre Hospital.
Kontakt Morten Tange Kristensen
Download afhandlingen gratis på ResearchGate
Telefon: 26 15 24 33 eller 38 62 61 91.","2010"
"106","Morten Villumsen","MSc in Clinical Science and Technology, B.Pt. og ph.d.
Ph.d.-afhandling""Forward bending of the trunk and low back pain among blue-collar workers - addressing the role of social support and the exposure pattern of forward bending"".
Afsluttet i 2016.UddannelsesinstitutionInstitut for Medicin og Sundhedsteknologi ved Aalborg Universitet (AAU) samt Det Nationale Forskningscenter for Arbejdsmiljø (NFA).VejledereVejledere er professor Pascal Madeleine (AAU), professor Andreas Holtermann (NFA), seniorforsker Marie Birk Jørgensen (NFA) og lektor Afshin Samani (AAU).
Nuværende arbejdspladsUniversity College Nordjylland, Aalborg Kommune.
Kontakt Morten Villumsen","2016"
"107","Nanna Aue Sobol","Fysioterapeut, cand.scient.san. og ph.d.
Ph.d.-afhandling""Exercise in patients with mild Alzheimers's disease. impact on cardiorespiratory fitness, physical function, dual-task and self-efficacy"".
Afsluttet i 2016.
UddannelsesinstitutionFaculty of Health and Medical sciences, Københavns Universitet.
VejledereMichael Kjær, professor, DMSc.
Nina Beyer, associate professor, Ph.D.
Steen Hasselbalch, professor, MD, DMSc.
Nuværende arbejdspladsFrederiksberg Kommune, Ambulant genoptræning og rehabilitering.
Kontakt Nanna Aue Sobol","2016"
"108","Nanna Rolving","Fysioterapeut, cand.scient.san. og ph.d.
Ph.d.-afhandling""Cognitive-behavioural therapy for lumbar spinal fusion patients. A clinical and economic evaluation"".
Afsluttet i 2015.
UddannelsesinstitutionAarhus Universitet.
VejledereHovedvejleder: Professor Claus Vinther Nielsen (Defactum og Institut for folkesundhed AU).
Medvejledere: Professor Finn Bjarke Christensen (Institut for Klinisk Medicin, AU), professor Cody Bünger (Ortopædkirurgisk Forskningslaboratorium AUH) og ergoterapeut, ph.d, Lisa Gregersen Østergaard (Fysio- og ergoterapi afdelingen AUH).
Nuværende arbejdspladsForskningsansvarlig terapeut på Universitetsklinik for Innovative Patientforløb, Diagnostisk Center, Regionshospitalet Silkeborg.
Kontakt Nanna Rolving
Læs afhandlingen","2015"
"109","Nina Beyer","Fysioterapeut og ph.d.
Ph.d.-afhandling""Physical training reduces risk factors for disability and falls in elderly women"".
Afsluttet i 2003.Uddannelsesinstitution Institut for Idrætsmedicin, Bispebjerg Hospital, Københavns Universitet.Nuværende arbejdspladsFysioterapien og Institut for Idrætsmedicin, Bispebjerg Hospital.
Kontakt Nina Beyer
Læs afhandlingen","2003"
"110","Nina Schriver","Fysioterapeut og ph.d.Ph.d.-afhandling""Fysioterapi og læring - betydning af rettethed, relationer, rum og refleksion"".
Afsluttet i 2003.Uddannelsesinstitution Institut for Pædagogik, Københavns Universitet.Nuværende arbejdspladsIndehaver af eget firma Movementum samt ansat ved I Århus Universitet, institut for Filosofi og Idehistorie under forskningsprogrammet RUML.
Kontakt Nina Schriver
Læs afhandlingen","2003"
"111","Per Høgh Poulsen","Fysioterapeut, cand.scient.san. og ph.d. Ph.d.-afhandling""Social inequality in childhood and later effects on mentalt health and overweight"".
Afsluttet i 2020.Uddannelsesinstitution Aarhus Universitet; Institut for Klinisk medicin.Nuværende arbejdspladsHospitalsenheden Vest, Arbejdsmedicin, Herning.
Kontakt Per Høgh Poulsen","2020"
"112","Per Kjær","Fysioterapeut, DipMT, MSc. og ph.d. Ph.d.-afhandling""Low back pain in relation to lumbar spine abnormalities as identified by magnetic resonance imaging"".
Afsluttet i 2004.Uddannelsesinstitution RygForskningsCenteret, Ringe. Det Sundhedsvidenskabelige Fakultet, Syddansk Universitet, Odense. Nuværende arbejdspladsRygForskningsCenteret, Ringe.
Kontakt Per Kjær
Læs afhandlingen","2004"
"113","Pernille Frederiksen","Fysioterapeut, cand.scient.san. og ph.d.Ph.d.-afhandling""Deciding to go to work in spite of back pain - what makes a difference?""
Afsluttet i 2018.
UddannelsesinstitutionKøbenhavns Universitet
VejledereHovedvejleder: Tom BendixProjektvejleder: Aage Indahl
Nuværende arbejdspladsKøbenhavns Rygcenter, Sundhedshus Nørrebro
Kontakt Pernille Frederiksen
Læs afhandlingen","2018"
"114","Pernille Ravn Jakobsen","Postdoc, PhD, mHealth – an offer for women newly diagnosed with asymptomatic osteoporosis?
Ph.d.-afhandling
”My Osteoporosis Journey” – participatory design of an mHealth app for women newly diagnosed with asymptomatic osteoporosis
Afsluttet i 2018Uddannelsesinstitution
Syddansk UniversitetVejledere
Jane Clemensen, Jens Søndergaard, Pernille Hermann og Uffe Kock Wiil. Nuværende arbejdsplads 
Aarhus Universitetshospital og University College Syd
Kontakt Pernille Ravn Jakobsen","2018"
"115","Pernille Rudebeck Mogensen","Fysioterapeut, cand.scient.san. og ph.d.Ph.d.-afhandling""Metabolic changes in acute lymphoblastic leukemia""
Afsluttet i 2019.
UddannelsesinstitutionKøbenhavns Universitet
VejledereProfessor Kjeld Schmiegelow, Thomas  Leth Frandsen, Allan Vaag og Kathrine Grell
Nuværende arbejdspladsRigshospitalet
Kontakt Pernille Rudebeck Mogensen
Læs afhandlingen","2019"
"116","Peter Larsen","Udviklingsansvarlig fysioterapeut. PT, M. Rehab og ph.d.
Ph.d.-afhandling""Langsigtede følgevirkninger efter marvsømning i de lange rørknogler i underekstremiteten. Effekten af træning på aktivitet, deltagelse og livskvalitet"".
Afsluttet i 2014.Om projektetMed udgangspunkt i en større dansk befolkningsgruppe undersøges de langsigtede konsekvenser efter brud på skinne- og lårben, som behandles med marvsømning. De langsigtede konsekvenser undersøges på krops-, aktivitets- og deltagelsesniveau samt i forhold til livskvalitet. Desuden er formålet at undersøge effekten af målrettet træning til patienter opereret med marvsøm efter brud i skinneben mhp. at undgå langsigtede følgevirkninger og kronificering.
UddannelsesinstitutionAalborg Universitet.
Nuværende arbejdspladsAalborg Sygehus,  Hoved- Orto– Hjertecenter, Ergoterapi- og Fysioterapiafdelingen.Kontakt Peter Larsen","2014"
"117","Peter William Stubbs","Fysioterapeut, cand.scient.san. og ph.d.-studerende
Ph.d.-afhandling
""Short latency interlimb coordination between human soleus muscles during sitting and walking in healthy subjects and stroke patients.""
Uddannelsesinstitution
Aalborg Universitet.
Vejledere
Hovedvejleder: Maiken Stilling
Medvejledere: Kjeld Søballe, Stig Storgaard Jakobsen og Inger Mechlenburg
Kontakt Peter William Stubbs","2011"
"118","Pætur Mikal Holm","Fysioterapeut, cand.scient.fys. og ph.d.
Ph.d.-afhandling""High-intensity strength training in addition to standard non-surgical treatment in patients with knee osteoarthritis – a randomized controlled trial.""
Afsluttet i 2019.
Uddannelsesinstitution Institut for Idræt og Biomekanik - Muskelfysiologi og Biomekanik, Syddansk Universitet, Odense.
VejledereHovedvejleder: Per Aagaard, Professor, Syddansk Universitet.
Medvejledere: Søren Thorgaard Skou, Post.doc., Syddansk Universitet.Henrik Morville Schrøder, Forskningsansvarlig Overlæge, Næstved Sygehus.Mathias Wernbom, Post.doc., University of Gothenburg, Sverige.
Nuværende arbejdspladsFysio- og ergoterapien, Slagelse Sygehus, Næstved-, Slagelse- & Ringsted (NSR) Sygehuse, Region Sjælland.
Kontakt Pætur Mikal Holm","2019"
"119","Rasmus Feld Frisk","Fysioterapeut, Master of Science in Physiotherapy, Ph.D.
Ph.d.-afhandling”Contributing factors to reduced plantar flexor muscle activation in adults with cerebral palsy”.
Afsluttet i 2018.
UddannelsesinstitutionGraduate school of Neuroscience, Faculty of Health and Medical Science, University of Copenhagen.
Nuværende arbejdspladsInstitut for Neurovidenskab, Københavns Universitet.
KontaktoplysningerRasmus Feld Frisk, frisk@sund.ku.dk eller rasmus-frisk@hotmail.com","2018"
"120","Rasmus Tolstrup Larsen","Fysioterapeut, cand.scient.fys og ph.d.
Ph.d.-afhandling""Hvordan aktivitetsmålere kan anvendes til at motivere ældre til et øget fysisk aktivitetsniveau.""
Afsluttet 2021.
Uddannelsesinstitution Københavns Universitet.
VejledereProfessor Henning Langberg (KU), professor Henning Boje (DTU), lektor Carsten Juhl (SDU) og seniorforsker Jan Christensen, Rigshospitalet.
Nuværende arbejdspladsInstitut for folkesundhedsvidenskab, Københavns Universitet.
Kontakt Rasmus Tolstrup Larsen
Læs afhandlingen","2021"
"121","Rasmus Østergaard Nielsen","Fysioterapeut, cand.scient.san. og ph.d.
Ph.d.-afhandling""The DANO-RUN study: Risk Factors for Running-Related Injuries in Novice Runners"".
Afsluttet i 2014.
Uddannelsesinstitution Det Sundhedsvidenskabelige Fakultet, Aarhus Universitet.
Nuværende arbejdspladsDet Sundhedsvidenskabelige Fakultet, Aarhus Universitet
VejledereSten Rasmussen (Dk), Ortopædkirurgien Region Nordjylland (hovedvejleder)Martin Lind, Idrætsklinikken (DK), Århus SygehusHenrik Sørensen (DK), Institut for Idræt, Aarhus UniversitetIda Buist (NL), University Medical Center Groningen
Kontakt Rasmus Østergaard Nielsen","2014"
"122","Rikke Beyer","Fysioterapeut, MA Physiotherapy og ph.d.
Ph.d.-afhandling""The effect of load magnitude and restitution on tendinopathy: clinical, structural, biomechanical and biochemical effects.""
Afsluttet i 2014.
UddannelsesinstitutionKøbenhavns Universitet.
Nuværende arbejdspladsInstitut for Idrætsmedicin og Fysioterapien, BBH.
Kontakt Rikke Beyer","2014"
"123","Rikke Faebo Larsen","Fysioterapeut, cand.scient.san. og ph.d.
Ph.d.-afhandling""Early initiated individualized physical training in newly diagnosed patients with multiple myeloma; effects on physical function, physical activity, quality of life, pain, and bone disease"".
Afsluttet i 2020.
UddannelsesinstitutionSyddansk Universitet.
VejledereHovedvejleder: læge Niels Abildgaard.
Medvejledere:Fysioterapeut Lisbeth Minet.Sygeplejerske Mary Jarden.Læge Ulf Christian Frølund.
Nuværende arbejdspladsCenter for Kønsidentitet på Rigshospitalet og Hæmatologisk Forskningsenhed, Odense Universitetshospital.
Kontakt Rikke Faebo Larsen
Hent afhandling (pdf)","2020"
"124","Rune Martens Andersen","Fysioterapeut, cand.scient.fys. og ph.d.Ph.d.-afhandling""Abdominal exercises after stoma surgery: towards a rehabilitation effort with the intention of preventing parastomal bulges"" 
Afsluttet i 2020.
UddannelsesinstitutionInstitut for Klinisk Medicin, Københavns Universitet
VejledereHovedvejleder:Thordis Thomsen, seniorforsker
Medvejledere:Anders Vinther, forskningsfysioterapeutAnne Kjærgaard Danielsen, seniorforskerIsmail Gögenur, overlæge og professor
Kontakt Rune Martens Andersen","2020"
"125","Sara Birch","Fysioterapeut, cand.scient.san. og ph.d.Ph.d.-afhandling""Effekten af træning i smertecoping strategier til patienter med knæartrose med høj præoperativ Pain Catastrophizing.""
Afsluttet 2020.Uddannelsesinstitution Aarhus Universitet.VejledereHovedvejleder: Professor, ph.d. Torben Bæk Hansen
Medvejledere:Professor, ph.d., dr.med. Inger MechlenburgLektor, ph.d. Maiken Stilling.
Nuværende arbejdspladsErgoterapi- og Fysioterapeutafdelingen, Hospitalsenheden Vest.
Kontakt Sara Birch","2020"
"126","Signe Kierkegaard","Fysioterapeut, MSc. og ph.d.-studerende.Ph.d.-afhandling""Patient-reported outcomes, hip muscle strength and physical activity in patients with femorocetabular impingement - before and after hip arthroscopic surgery""
Afsluttet 2018.Uddannelsesinstitution Aarhus Universitet.VejledereHovedvejleder: Lektor, ph.d., dr.med. Inger Mechlenburg, Institut for Klinisk Medicin, AU.
Medvejledere:Lektor, ph.d. Ulrik Dalgas, Sektion for Idræt, AU.Professor, dr.med. Kjeld Søballe, Ortopædkirurgisk Afdeling, Aarhus Universitetshospital.Overlæge Bent Lund, Ortopædkirurgisk Afdeling, Hospitalsenheden Horsens.
Nuværende arbejdsplads
Delestilling: Post Doc-projekt udgående fra Fysio- og Ergoterapien og Ortopædkirurgien på Regionshospitalet Horsens og Klinisk Institut på Aarhus Universitet og ansættelse på på Regionshospitalet Horsens.
Kontakt Signe Kierkegaard
Læs afhandlingen","2018"
"127","Sigrid Tibæk","Forskningsfysioterapeut, Master of Science og Med.dr.
Ph.d.-afhandling""Lower Urinary Tract Symptims in Stroke Patients. A clinical stuty of prevalence, impact and effect of training"".
Afsluttet i 2007.Uddannelsesinstitution Medicinska Fakulteten, Lunds Universitet, Sverige.Nuværende arbejdsplads Klinik for Ergo og Fysioterapi, Rigshositalet - Glostrup.
Kontakt Sigrid Tibæk
Læs afhandlingen","2007"
"128","Simon Svanborg Kjeldsen","Fysioterapeut, cand.scient.san. og ph.d.
Ph.d.-afhandling”Evaluation and improvement of rest activity cycles and quality of rest in patients with severe acquired brain injury.”
Afsluttet i 2021.
VejledereHovedvejleder: Iris Brunner, Associate Professor, ph.d., Institut for Klinisk Medicin, Aarhus Universitet.Medvejledere: Jørgen Feldbæk Nielsen, Professor, dr. med., ph.d., Institut for Klinisk Medicin, Aarhus Universitet.Ole Kæseler Andersen, dr. scient, ph.d., Institut for Medicin og Sundhedsteknologi, Aalborg Universitet.
UddannelsesinstitutionInstitut for Klinisk Medicin, Aarhus Universitet.
Nuværende arbejdspladsForskningsenheden, Regionshospitalet Hammel Neurocenter Universitetsklinik for Neurorehabilitering, Hospitalsenhed Midt.
Kontakt Simon Svanborg Kjeldsen","2021"
"129","Steffan Wittrup Christensen","Fysioterapeut, MPhty, B.Pt, Specialist in Musculoskeletal Physiotherapy og ph.d.
Ph.d.-afhandling""Neck pain – Motor and Sensory aspects.""
Afsluttet i 2017.
UddannelsesinstitutionAalborg Universitet.Nuværende arbejdspladsInstitut for Medicin og Sundhedsteknologi ved Det Sundhedsvidenskabelige Fakultet, Aalborg Universitet.Kontakt Steffan Wittrup Christensen","2017"
"130","Stig Mølsted","Fysioterapeut og ph.d.Ph.d. -afhandling""The Effects of Strength Exercise with and without Protein Intake in Patients on Dialysis"".
Afsluttet i 2012.
UddannelsesinstitutionDet Biovidenskabelig Fakultat, LIFE, Københavns Universitet.Nuværende arbejdspladsForskningsafdelingen, Nordsjællands Hospital.
Kontakt Stig Mølsted
Læs afhandlingen","2012"
"131","Susan Warming","Forskningsfysioterapeut, M.Sc. og ph.d.Ph.d.-afhandling""Musculoskeletal aspects in patient handling - Methods and intervention"".
Afsluttet i 2007.
Uddannelsesinstitution Bispebjerg Universitetshospital.Nuværende arbejdspladsBispebjerg Universitetshospital, Bispebjerg Bakke 23, 2400 København NV.
Kontakt Susan Warming
Læs afhandlingen","2007"
"132","Sys Loving","Fysioterapeut, M.Sc. og ph.d.Ph.d.-afhandling""Female chronic pelvic pain in Denmark: Prevalence and associated socio-demographic and clinical related factors with a specific focus on pelvic floor muscle dysfunction"".
Afsluttet i 2013.UddannelsesinstitutionKøbenhavns Universitet.Nuværende arbejdspladsTværfagligt Smertecenter, Herlev Hospital.
Kontakt Sys Loving
Læs afhandlingen","2013"
"133","Søren Bie Bogh","Fysioterapeut, cand.scient.san. og ph.d.
Ph.d.-afhandling""Accreditation and the Development of process performance measures.""
Afsluttet i februar 2017.
UddannelsesinstitutionSyddansk Universitet.
VejledereHovedvejleder: Erik Hollnagel.Medvejledere: Søren Paaske Johnsen og René Holst.
Nuværende arbejdspladsCenter for Kvalitet, Region Syddanmark, P.V. Tuxensvej 5, 5500 Middelfart.
Kontakt Søren Bie Bogh
Læs afhandlingen","2017"
"134","Søren Thorgaard Skou","Forskningsfysioterapeut, cand.scient. i Klinisk Videnskab og Teknologi, Ph.d., Post Doc.
Ph.d.-afhandling""Pain and sensitization in knee osteoarthritis and persistent post-operative pain"".
Afsluttet i 2015.
UddannelsesinstitutionAalborg Universitet.
Nuværende arbejdspladsSyddansk Universitet og Næstved, Slagelse og Ringsted Sygehuse.
VejledereEwa Roos, fysioterapeut, ph.d., professor ved SDU.Lars Arendt-Nielsen, ingeniør, ph.d., dr.med., professor ved AAU.Mogens Berg Laursen, overlæge, lektor, ph.d., Ortopædkirurgisk Forskningsenhed, Region Nordjylland.Sten Rasmussen, forskningsansvarlig overlæge, Ortopædkirurgisk Forskningsenhed, Region Nordjylland (hovedvejleder)
Kontakt Søren Thorgaard Skou
Læs afhandlingen","2015"
"135","Theresa Bieler","Fysioterapeut, cand.scient.san. og ph.d.
Ph.d.-afhandling""Muscle function and exercise in older people with osteoarthritis of the hip"".
Afsluttet i 2014.
UddannelsesinstitutionIdrætsmedicinsk Institut, Bispebjerg Hospital, Københavns Universitet.VejledereMichael Kjær, Peter Magnusson og Nina Beyer.
Nuværende arbejdspladsFysio- og Ergoterapien, Bispebjerg og Frederiksberg Hospital.
Kontakt Theresa Bieler","2014"
"136","Thomas Bandholm","Seniorforsker, fysioterapeut, cand.scient. (humanfysiologi) og ph.d.Ph.d.-afhandling""Lower-leg muscle size and function in children with cerebral palsy: Effects of Botulinum toxin type A and physical rehabilitation"".
Afsluttet i 2009.UddannelsesinstitutionGraduate School of Neuroscience, Københavns Universitet.Nuværende arbejdsgiverKlinisk Forskningscenter, Fysioterapien og Ortopædkirurgisk Afdeling, Hvidovre Hospital.
Kontakt Thomas Bandholm","2009"
"137","Thomas Linding Jakobsen","Forskningsfysioterapeut, MSc. og ph.d.
Ph.d.-afhandling“Progressiv styrketræning påbegyndt tidligt efter fast-track total knæalloplastik. Gennemførlighed og effekt”.
Afsluttet i 2013.Uddannelsesinstitution Det Sundhedsfaglige Fakultet, Københavns Universitet ArbejdspladsKlinisk Forskningscenter og Lundbeckfondcentret for fast-track hofte- og knæalloplastik, Hvidovre Hospital.Kontakt Thomas Linding Jakobsen","2013"
"138","Thomas Maribo","Fysioterapeut, cand.scient.san. og ph.d.
Ph.d.-afhandling“Postural balance in low back pain patients assessed by the one leg stand test and by centre of pressure excursions on a portable force platform“.
Afsluttet i 2011.
UddannelsesinstitutionAarhus Universitet.Nuværende arbejdsgiverAarhus Universtitet og DEFACTUM, Region Midtjylland (seniorforsker).Kontakt Thomas Maribo
Læs afhandlingen","2011"
"139","Thomas Heilskov-Hansen","Fysioterapeut, cand.scient.san. og ph.d.
Ph.d.-afhandling""Physical work exposures and sex differences in work-related musculoskeletal disorders"".
Afsluttet i 2014.Uddannelsesinstitution Arbejds- og Miljømedicinsk Afdeling, Bispebjerg Hospital, Københavns Universitet.VejledningOverlæge og ph.d. Jane Frølund Thomsen, Arbejds- og Miljømedicinsk afdeling, Bispebjerg Hospital (hovedvejleder).Overlæge Sigurd Mikkelsen, Arbejds- og Miljømedicinsk afdeling, Bispebjerg Hospital  (projektvejleder).Overlæge ph.d. Susanne Wulff Svendsen, Arbejdmedicinsk klinik Herning (supplerende vejleder).
Nuværende arbejdspladsErgonomic Consultant, Corporate Occupational Health and Safety, Novo Nordisk.Kontakt Thomas Heilskov-Hansen
Læs afhandlingen","2014"
"140","Thorvaldur Skuli Palsson","Fysioterapeut, Mpty. og ph.d.
Ph.d.-afhandling""Lumbopelvic pain – sensory and motor aspects"".
Afsluttet i 2014.Uddannelsesinstitution Center for Sanse-Motorisk Interaktion (SMI), PhD-skolen ved Det Sundhedsvidenskabelige Fakultet, Aalborg Universitet.VejledningHovedvejleder: Thomas Graven-Nielsen, DMSc, PhD, Professor og PhD-programansvarlig, PhD-skolen ved Det Sundhedsvidenskabelige Fakultet, Aalborg Universitet.Nuværende arbejdsplads Institut for Medicin og Sundhedsteknologi ved Det Sundhedsvidenskabelige Fakultet, Aalborg Universitet.
Kontakt Thorvaldur Skuli Palsson
Læs afhandlingen","2014"
"141","Tina Junge","Fysioterapeut, lektor i fysioterapi, Master of Fitness and Exercise og ph.d.
Ph.d.-afhandling""Risk factors for knee injuries in children 8-15 years - the impact of Generalised Joint Hypermobility. The CHAMPS Study-DK.""
Afsluttet i 2015.UddannelsesinstitutionResearch in Childhood Health (RICH), Institut for Idræt og Biomekanik (IOB) samt Institut for Regional Sundhedsforskning (IRS), Syddansk Universitet.VejledningHovedvejleder: Klinisk professor, overlæge, ph.d. Niels Wedderkopp, Rygcenter Syddanmark, Institut for Regional Sundhedsforskning, Syddansk UniversitetMedvejleder: Dr.med.vet., Fysioterapeut, Birgit Juul-Kristensen, Forskningsenheden for Muskuloskeletal Funktion og Fysioterapi, Institut for Idræt og Biomekanik, Syddansk UniversitetNuværende arbejdspladsUC Lillebælt, Blangstedgårdsvej 4, 5220 Odense SØ.
Kontakt Tina Junge
Læs afhandlingen","2015"
"142","Tina Juul Sørensen","Fysioterapeut, cand. scient. san. og ph.d.
Ph.d.-afhandling""Development and evaluation of Clinical Outcome Measures for Patients with Neck Pain”.
Afsluttet i 2016.UddannelsesinstitutionSyddansk Universitet.VejledereHovedvejleder: professor Karen Søgaard.Ekstern vejleder: professor Henning Langberg, professor Eva Roos og professor Aileen Davis.Faglig vejleder: Flemming Enoch.Nuværende arbejdspladsForskningsenheden for Fysisk Aktivitet og Sundhed i arbejdslivet (FAS), Institut for Idræt og biomekanik, Syddansk universitet.Kontakt Tina Juul Sørensen","2016"
"143","Tom Petersen","Fysioterapeut, Exam.art. og med.dr.
Ph.d.-afhandling""Non-specific low back pain - Classification and treatment"".
Afsluttet i 2003.Uddannelsesinstitution Medicinska Fakulteten, Lunds Universitet, Sverige.Nuværende arbejdsplads Ryg- og Genoptræningscenter København, Københavns Kommune.Kontakt Tom Petersen
Læs afhandlingen","2003"
"144","Tonny Jæger Pedersen","Fysioterapeut, cand.scient.san. og ph.d.
Ph.d--afhandling""Systematisk funktionsmåling - udfordringer i en praktisk klinisk virkelighed.""
Afsluttet i 2016.UddannelsesinstitutionSyddansk Universitet.Nuværende arbejdspladsRehabiliteringsafdelingen, OUH Svendborg Sygehus.
Kontakt Tonny Jæger Pedersen
Læs afhandlingen","2016"
"145","Tore Christiansen","Fysioterapeut, Cand.scient.san. og ph.d.Ph.d.-afhandling""Effekten af akut og kronisk muskelarbejde på det metaboliske syndrom og niveauet af inflamatoriske markører hos normal og overvægtige personer"".
Afsluttet i 2009. Uddannelsesinstitution Aarhus Universitet, Det Sundhedsvidenskabelige Fakultet, Klinisk Institut, Medicinsk Endokrinologisk Afdeling C, Tage Hansens Gade 2, Indgang 3c, 2. Sal, 8000 Århus C.Kontakt Tore Christiansen","2009"
"146","Trine Holt Clemmensen","Fysioterapeut, ph.d.
Ph.d.-afhandling""The Dementia Carer assessment of support Needs Tool - Development of a questionnaire to assess the support needs of carers to people with dementia.""
Afsluttet i 2020.
UddannelsesinstitutionPhd projektet er gennemført i samarbejde mellem Syddansk Universitet, Institut for Idræt og Biomekanik og UCL Erhvervsakademi og Professionshøjskole.
VejledereHovedvejleder: Henrik Hein Lauridsen, Lektor, PhD, MSc, Forskningsenheden for Klinisk Biomekanik, Institut for Idræt og Biomekanik, Syddansk Universitet.
Medvejledere: Hanne Kaae Kristensen, Professor, Docent, PhD, Ergoterapeut, Afdeling for anvendt sundhedsforskning, UCL Erhvervsakademi og Professionshøjskole, og Forskningsenheden for Rehabilitering, Klinisk Institut, Syddansk Universitet.Karen Andersen-Ranberg, Klinisk professor, PhD, MD, Geriatrisk Forskningsenhed, Klinisk institut, Syddansk Universitet.
Nuværende arbejdspladsUCL Erhvervsakademi og Professionshøjskole.
Kontakt Trine Holt Clemmensen
Læs afhandlingen","2020"
"147","Uffe Læssøe","Fysioterapeut, cand.scient.san. og ph.d.Ph.d.-afhandling ""Assessment of Postural Control in Relation to Balance and Falls"".
Afsluttet i 2007.Uddannelsesinstitution Center for Sanse-Motorisk Interaktion, Aalborg Universitet.Nuværende arbejdspladsProfessionshøjskolen University College Nordjylland.Kontakt Uffe Læssøe
Læs afhandlingen","2007"
"148","Ulla Due","Fysioterapeut, Master of Medical Science, Specialist i muskuloskeletal fysioterapi og ph.d.
Ph.d.-afhandling: ”Lifestyle advice and pelvic floor muscle training for women with pelvic organ prolapse”.
Afsluttet i 2015.UddannelsesinstitutionDet Sundhedsvidenskabelige Fakultet, Københavns Universitet.Nuværende arbejdspladsGynækologisk Obstetrisk Afdeling og Afdeling for Ergoterapi og Fysioterapi på Herlev og Gentofte Hospital.Kontakt Ulla Due
Læs afhandlingen","2015"
"149","Ulla Werlauff","Fysioterapeut, M.Sc. og ph.d.Ph.d.-afhandling""Methods to assess physical functioning and their clinical applicability in patients with spinal muscular atrophy and congenital myopathy"".
Afsluttet i 2013.ProjektbeskrivelseEn undersøgelse af kliniske redskabers egnethed til at afdække fysiske karakteristika, opfange fordeling i muskelkraft og funktionsevne samt belyse træthed og helbredsrelateret livskvalitet hos personer med to forskellige neuromuskulære sygdomme.UddannelsesinstitutionDet Sundhedsvidenskabelige Fakultet, Panum Institutet, Københavns Universitet, Blegdamsvej 3, 2200 København N.Nuværende arbejdspladsRehabiliteringsCenter for Muskelsvind.
Kontakt Ulla Werlauff
Læs afhandlingen","2013"
